Changes made at Thu Nov 20 10:18:18 UTC 2025
Changes made at Thu Nov 20 12:27:16 UTC 2025
Changes made at Thu Nov 20 14:16:52 UTC 2025
Changes made at Thu Nov 20 16:21:38 UTC 2025
Changes made at Fri Nov 21 08:23:11 UTC 2025
Changes made at Fri Nov 21 10:17:31 UTC 2025
Changes made at Fri Nov 21 14:16:08 UTC 2025
Changes made at Fri Nov 21 16:20:43 UTC 2025
Changes made at Sat Nov 22 08:19:53 UTC 2025
Changes made at Sat Nov 22 10:15:35 UTC 2025
Changes made at Sat Nov 22 14:13:32 UTC 2025
Changes made at Sat Nov 22 16:18:27 UTC 2025
Changes made at Sun Nov 23 08:19:56 UTC 2025
Changes made at Sun Nov 23 10:15:28 UTC 2025
Changes made at Sun Nov 23 14:13:40 UTC 2025
Changes made at Sun Nov 23 16:18:19 UTC 2025
Changes made at Mon Nov 24 08:24:10 UTC 2025
Changes made at Mon Nov 24 10:19:19 UTC 2025
Changes made at Mon Nov 24 14:17:01 UTC 2025
Changes made at Mon Nov 24 16:18:54 UTC 2025
Changes made at Tue Nov 25 08:23:28 UTC 2025
Changes made at Tue Nov 25 10:19:58 UTC 2025
Changes made at Tue Nov 25 14:16:58 UTC 2025
Changes made at Tue Nov 25 16:22:28 UTC 2025
